We all need more tests. Test­ing is the key. It’s not risky to come to­gether in the of­fice if every­one is tested that day. It’s not risky to come to­gether in a meet­ing or an off-site or a com­pany event or a cus­tomer event if every­one is tested. https://t.co/NJv2Jabnst
"“UK &amp; Canada approved more kits &amp; prioritized their manufacture &amp; distribution giving their citizens access to millions of free tests throughout the past year. America lacks the test abundance because instead of choosing abundance, we chose scarcity.” https://t.co/lGENW0mnv7"
My heart is breaking for our front line doctors &amp; nurses who are working harder than ever with these rising hospitalizations &amp; decreasing hospital staff (who are out sick) while testing &amp; masks are simply impossible to find after 2 years of a global pandemic. ❤️ https://t.co/rGqSsWCmAZ
We need more people who get angry when there are failures in government—even better when its someone in congress! https://t.co/9ZBztUEUis
"We all have to learn how to go from the hurricane &amp; back to peace. Only @ariannahuff can make this so simple. Wonderful to visit on her podcast. ❤️
https://t.co/kYZnjFwMFD"
@FutureJurvetson @gjurvetson https://t.co/1dEbLOF1Tu
Completely unacceptable that we are 2 years into the pandemic &amp; our public schools do not have testing &amp; masks when our kids &amp; teachers need them.
There is a member of our political Ohana who is not a news reporter but a real leader.  He gets it. And his name is @kaikahele! https://t.co/IdOtPN9wDD
