"To successfully recruit diverse talent, leaders must be clear on why this is important. I authentically believe I get a better team, products &amp; ideas. Your reasoning can be different, but it must exist to make this type of hiring successful &amp; authentic to your company’s core. https://t.co/IkfvM43wrT"
"In 2019 I spoke at #CES about what comes next in technology. At the time, that included the future of deep data, AI and quantum, and preparing society for this new tech era. 

In 3 more years, what technology do you predict will be critical for society and our businesses? https://t.co/q2ePWvkwjE"
"A partnership should benefit both sides. For founders considering partnerships, think about what a partner wants out of the relationship. When at @IBM, we carefully crafted partnerships to build belief and test how the market would react before actually acquiring a company. https://t.co/CtY9qrt0Ls"
"@HarvardBiz Black and female talent is more scarce in AI than it is in the tech industry as a whole. If we want to improve our workforces, it will be critical to look for and develop talent in new and underserved communities."
"@byHeatherLong The past 2 years have been incredibly challenging for workers. Across all sectors, skills-first training will be critical for both workers and businesses to create new economic opportunities moving forward."
"Successful founders should work with partners, teams and board members who can supplement their weaknesses.

As the @Enginexyz’s Visiting Innovation Fellow at @MIT, I shared advice with the next generation of leaders and founders, and now with all of you. https://t.co/3oxUvIfjID"
"@HarvardBiz Leaving a new job is challenging, especially in a pandemic. The Great Resignation has caused many employees to reconsider their roles and career goals. For those thinking about the risk, I recently shared my advice: https://t.co/EWpD73tCCM"
I'm proud to be co-chair of @oneten and break down barriers keeping Black talent on the sidelines. In just a year we’ve made strides toward equitable change across dozens of industries and it’s only the beginning. Learn more about our progress in 2021: https://t.co/YxefZsSpHN https://t.co/YNtQVNhdvT
"@CISAJen You’re right - cyber and ransomware attacks are on the rise, and people need to know how to protect themselves and their workplaces. That’s why I recently wrote about 3 basic security steps to keep in mind: https://t.co/TMTQ68IMzk"
"Congratulations to those recognized on the 2022 @Forbes #30Under30 Enterprise Technology List. As leaders, I encourage you to be responsible tech stewards and foster inclusive workplaces — both are critical for society and your organization’s success. https://t.co/Iuu6MjO3GN"
"@profwolff COVID-19 caused millions of workers to re-evaluate their personal and career goals. Moving forward, it will be critical for businesses to collaborate with their employees on new ways of working. I recently shared this and other pandemic lessons: https://t.co/2R1MXUfm3R"
"@ChuckDBrooks Cyberattacks are on the rise, especially with hybrid workforces. I recently shared the basic, yet critical steps we can take to protect our organizations: https://t.co/TMTQ68IMzk"
"@joemckendrick This is both a challenge and a great opportunity. In the midst of the #GreatResignation, organizations are challenged to expand their search for recruits, which presents an incredible opportunity to hire more diverse talent."
"@PostLive @morningmika COVID-19 showed us that what works for one employee may not for another. Leaders must collaborate with their teams to find the best ways to work — whether remote, in person, or a mix of both. I recently shared this, and more lessons from the pandemic: https://t.co/2R1MXUfm3R"
"Taking on a new job is always a challenge, but even more so during a pandemic. For those of you who’ve changed jobs since the pandemic began, what have you learned that’s important for others to think about? https://t.co/kvHTvf5P9x"
The impacts of the pandemic and non-inclusive workplaces are exacerbating the #GreatResignation. We have an opportunity to make our businesses better now and for the long term by recruiting diverse talent and fostering an inclusive culture. https://t.co/vtojnDz2Iy
"@OneTen @GuildEducation Welcome to the team, @GuildEducation. We’re looking forward to working together to train and hire one million Black Americans over the next 10 years together."
"@IndraNooyi I could not agree more, Indra. I always say, diversity is a number and inclusion is a choice."
"I was one of the only women in my engineering classes at @NorthwesternU. Today women earn 53% of STEM degrees. Thank you @IBM, for supporting STEM education at @NorthwesternEng — A place that made my career, and the careers of many other women, possible. https://t.co/SLTgDLO0iJ"
"@NUAlumni @IBM @NorthwesternEng I am so grateful for @IBM’s generous gift — @NorthwesternU and @NorthwesternEng were critical in shaping my passion for education and technology, and for my career at IBM."
"With many people changing jobs during the #GreatResignation, I shared some of the lessons learned during my 40-year career @IBM.

Now I want to know: what other career advice can you share for people thinking about changing jobs? https://t.co/H6QEBGreAU"
"@guardian The pandemic caused many workers to reconsider their priorities and goals, and many people are unsure of what’s next. For those considering a change, I shared the advice I learned from my own career at @IBM: https://t.co/EWpD73tCCM"
"@avrohomg @NETSCOUT @TylerCohenWood @ChuckDBrooks @EvanKirstel @AkwyZ Prioritizing data protection and cyber security is critical to keep our organizations safe. With cyber attacks on the rise, I also shared steps to prevent and recover from attacks: https://t.co/TMTQ68IMzk"
"The past two years have been eye-opening for millions of workers — many have reevaluated their priorities and career goals. As we face a #GreatResignation, I’ve decided to share the advice I learned in my career to help those struggling with what’s next. https://t.co/ljRFCYOifS"
@TRIResearch_ @SiennaEthics With new technology comes the responsibility to understand and prepare for all of its uses — the good and the bad.
It was a pleasure to join @_SueSiegel and @Enginexyz’s Tough Tech Summit and share the lessons I learned in my career with young entrepreneurs. An authentic belief in diversity and inclusion will make you a better company. https://t.co/s7YLgy7srG
"@TechNative @corixpartners Hybrid work environments have blurred the lines between home and work, and can lead to increased vulnerability to cyber attacks. I shared my tips for preventing and recovering from attacks in a recent article: https://t.co/TMTQ68IMzk"
"@ciscoapac @kerrymsingleton With cyber and ransomware attacks on the rise, companies must not lose sight of security basics. Thanks for sharing your tips — I shared a few of mine in a recent article: https://t.co/TMTQ68IMzk"
"@CTVAtlantic I am thrilled to see @PTECHNETWORK and @IBMCanada supporting Indigenous students. This relationship will be good for these students, their communities, and the businesses who will benefit from their perspectives."
"@gcluley Because data and privacy are more important than ever, it is critical for organizations to prepare their networks for cyber and ransomware attacks. I recently wrote about the basic steps every organization can take: https://t.co/TMTQ68IMzk"
"At @IBM, I learned that skills and a desire to learn were far more important for success than a college degree. Removing barriers to enter the workforce will create more economic opportunities, while also making our businesses better. https://t.co/lNfAZllskX"
@EdWeekEdTech @Larryferlazzo Digital technology became critical to education during COVID-19. It must continue to be accessible and part of our education system to not deepen the digital divide in the years to come.
"@byHeatherLong As we continue to learn from the impacts of COVID-19, now is the time to make changes that better support our employees and their families. https://t.co/O7lSK28Q4y"
"@WhiteHouseCEA While the economy and workforce are recovering from COVID-19, the September #JobsReport shows businesses are struggling to bring back workers. The pandemic made clear our workplaces need to change. Businesses must cocreate with their employees to find the right solutions."
"We know the pandemic has disproportionately impacted women, and specifically women of color, in the workforce. As employers, we need to consider how we can better support women throughout their careers because they are critical for our economy. https://t.co/b6AexBB0L0"
"@DrTarikaBarrett @GirlsWhoCode @CISAgov This is great news, @DrTarikaBarrett! Non-traditional career pathways are critical in creating a more diverse workforce, particularly for cybersecurity and #WomeninSTEM. — Here I wrote about how we integrate recruits without traditional 4-year degrees: https://t.co/ki9AR2omAP"
"@liseeng @IBM I’m so happy these lessons resonated with you. My time at @IBM was invaluable, and it taught me when challenges arise we must act. The pandemic has been the ultimate challenge."
"@IndraNooyi @davepuente Thank YOU, Indra, for sharing your story of #MyLifeInFull. And congratulations on your book. I can’t wait to read about the many challenges you’ve had to overcome — in your life &amp; your career — and to see what comes next for one of the most impressive &amp; accomplished women I know."
@sloan_kettering Thank you #MSKHealthcareHeroes for being important role models. It’s so important to uplift doctors to show young women and girls where careers in #STEM can lead.
"If it’s a problem that can’t be fixed, then you should move on. But you still want to make sure that your next job is one you’re excited and passionate about."
"Or are you running FROM a bad work environment? Do you feel frustrated by a bad boss, a tough schedule, or just feel stuck in place? At a good company, these issues are often temporary, and may be resolved if you pause and try to address the issue."
"People often ask for my advice when they’re thinking about changing jobs. My response is always to ask them the same question: Are you running TO a new opportunity that really excites you? If so, that’s great. #GreatResignation https://t.co/rzeFzmGfgI"
@USDOL @BLS_gov Diversity is a number; inclusion is a choice. Integrating workers of different backgrounds must be done with an authentic belief that it will make you a better company - because it will. #HispanicHeritageMonth
My friend @mtbarra is an agent of change. Her power lies in empowering others. She urges women to go for it. I can think of no one more deserving of the honor of #TIME100. https://t.co/iFqkX40s00
The idea of spending nearly 40 years at one company is probably unthinkable for many workers today. My advice from a career @IBM is to do what you love and work with a company whose purpose aligns with your own. https://t.co/LAiETlwrQe
"School is about more than just learning for learning’s sake; it’s an opportunity to learn how to solve problems. No matter what you do in life or what career you choose, problem solving will be the core of your work. #BackToSchool https://t.co/ZvaZF3jO6y"
"@NorthwesternU I’m so proud to see my alma mater taking on this challenge. To create a more diverse and successful industry, we need to change paradigms to make careers in STEM accessible to people of all backgrounds."
The talents of too many Black Americans are being wasted because they are denied equal opportunities to succeed. I’m proud to work with @MauriceOneTen and our @OneTen coalition to promote family-sustaining careers for Black individuals. https://t.co/n0Np2cChvi
@dnbglobal #Cybersecurity analysts are a great example of where companies can strengthen and diversify their workforce through skills-based hiring. I wrote about what we learned at #IBM and how others can apply those lessons. https://t.co/ki9AR2omAP
