,id,name,description,image,followers_count,friends_count
RayDalio,62603893,Ray Dalio,"Official account of Ray Dalio, founder of Bridgewater Associates, author of #1 New York Times bestseller 'Principles,' professional mistake maker",http://pbs.twimg.com/profile_images/1465691046747283461/3ZtnoH5-_normal.jpg,774813,92
larryellison,595822244,Larry Ellison,,http://pbs.twimg.com/profile_images/2267320808/9m1dxis8i287vq9rcgvx_normal.jpeg,113268,41
GinniRometty,435111357,Ginni Rometty,Living my values. Former chairman and CEO of @IBM. I believe in the power of business and technology to create a better tomorrow.,http://pbs.twimg.com/profile_images/1259936655466692608/T9S5WzZM_normal.png,35747,93
ericschmidt,93957809,Eric Schmidt,Former Executive Chairman & CEO and tweets from Schmidt Foundation,http://pbs.twimg.com/profile_images/511582119793930240/JgGOe77c_normal.jpeg,2231236,143
marceloclaure,92639420,Marcelo Claure,"Father of 6,Husband,CEO @Softbank Int’l, Chairman @WeWork & Fortress. Board @Tmobile,@Arm,@Univision, @SorareHQ, @Bolivar_Oficial &  @gironafc ⚽️",http://pbs.twimg.com/profile_images/1407880092592771076/nyrnF1MO_normal.jpg,281089,868
sarandos_ted,1354454426753392645,Ted Sarandos,,http://pbs.twimg.com/profile_images/1354455090527133698/IinmdCw6_normal.jpg,635,0
Benioff,22330739,Marc Benioff,ceo@salesforce.com chair@time.com,http://pbs.twimg.com/profile_images/1474818103410266115/3XCGra4b_normal.jpg,1062616,3723
Coinbase,574032254,Coinbase,Coinbase is the easiest place to buy and sell crypto. For support ➡️ @CoinbaseSupport,http://pbs.twimg.com/profile_images/1481004008630198272/NdH6949o_normal.png,4505375,21
OpenAI,4398626122,OpenAI,OpenAI’s mission is to ensure that artificial general intelligence benefits all of humanity. We’re hiring: https://t.co/XxM7UoAwz9,http://pbs.twimg.com/profile_images/1002240475556823040/lb_Q04CY_normal.jpg,638487,0
