id,name,description,image,followers_count,friends_count
19079371,Kendra Schaefer 凯娜,"Partner, Tech @triviumchina / Chinese data and tech policy / social credit / In China For Noodles since 2002. Read what I write: https://t.co/jVwiYU7rNP",http://pbs.twimg.com/profile_images/1001303184474718208/l_rZWPjc_normal.jpg,9276,737
23281108,Marc E. Elias,Founder @DemocracyDocket. Partner @EliasLawGroup. My dog's name is Bode.,http://pbs.twimg.com/profile_images/1442649842942160900/uUtm8Kq1_normal.jpg,604273,495
2902658140,Sander Dieleman,"Research Scientist at DeepMind. I tweet about deep learning (research + software), music, generative models (personal account).",http://pbs.twimg.com/profile_images/539842407081066497/6JaLwehz_normal.png,39806,1120
2981968107,Ryan Adams,"Machine Learning Researcher, CS Professor (@PrincetonCS), Entrepreneur (@Whetlab, acquired by @Twitter), Former Podcaster (@TlkngMchns), Dad, Woodworker",http://pbs.twimg.com/profile_images/1143902384617381888/HJeKSf4Y_normal.png,33037,1194
2529971,cdixon.eth,"Programming, philosophy, history, internet, startups, web3 @ a16z",http://pbs.twimg.com/profile_images/1433529810681155587/ACs86CsF_normal.png,782589,3647
40156330,"Scott Gottlieb, MD",Senior Fellow @AEI. Partner @NEA. Contributor @CNBC. 23rd Commissioner @US_FDA 2017 to 2019. Boards: @Pfizer @Illumina @AetionInc @TempusLabs,http://pbs.twimg.com/profile_images/939996832574435329/cQICPkCh_normal.jpg,540164,1022
224896427,Trevor Bedford,"Scientist @fredhutch, studying viruses, evolution and immunity. Collection of #COVID19 threads here: https://t.co/Yc4fun5rcp",http://pbs.twimg.com/profile_images/532254561386262528/gHX_F_KC_normal.png,408572,861
33836629,Andrej Karpathy,"Director of AI at Tesla, leading the Autopilot Vision team. Previously OpenAI, CS231n, PhD @ Stanford. I like to train large deep neural nets 🧠🤖💥",http://pbs.twimg.com/profile_images/1296667294148382721/9Pr6XrPB_normal.jpg,428364,668
3094988777,natalya thakur ⚡️,founding team + COO building the future of finance and web3 | 👼🏻 investor | former @blackrock @theteamatx @celoorg // @stanford @stanfordGSB @kennedy_school,http://pbs.twimg.com/profile_images/1479529087483981825/34vHc0tw_normal.jpg,438,480
1361418208436183040,Michelle Ritter,Founder and CEO,http://pbs.twimg.com/profile_images/1468306022334873604/aZ8yqjKn_normal.jpg,41,34
1316801532550021120,Jonathan Mak,ee bs/ms @Stanford. currently buidling in the metaverse 🔨,http://pbs.twimg.com/profile_images/1459660845609553921/x7-wdium_normal.jpg,144,224
1452975512742244360,Steel Perlot,Steel Perlot (SP) is a deep tech management co. that is creating and investing in the talent + technologies that will shape our world over the next 20 years.,http://pbs.twimg.com/profile_images/1453499137740189700/UFaXJIpx_normal.jpg,921,7
37861434,SF QuakeBot,I am a robot that live-tweets earthquakes in the San Francisco Bay area. Built by @billsnitzer. Data is from the USGS. Get prepared: http://t.co/VtCEbuw6KH,http://pbs.twimg.com/profile_images/198106312/pink-wave_normal.png,156283,6
6036422,Jim Breyer,"https://t.co/f3lprY5S2e, Austin TX, venture capital/investing/venture philanthropy. Smiles and Laughter",http://pbs.twimg.com/profile_images/1458090383829872650/CP_yiaiS_normal.jpg,18782,19868
122264472,Earthquake Robot,I am a robot that tweets about any earthquakes 5.0 or greater as they happen. Built by @billsnitzer. Data is from the USGS. Get prepared: http://t.co/VtCEbuw6KH,http://pbs.twimg.com/profile_images/1103221580/Picture_3_normal.png,136075,6
5387212,Robbie Schingler,Co-Founder of Planet Labs and ex-NASA innovator,http://pbs.twimg.com/profile_images/1423352620236775429/IiT86-LI_normal.jpg,7257,968
1441396254244671498,The Age of AI,"Three of the world’s leading thinkers come together to explore how artificial intelligence is transforming the human experience. Available November 2, 2021.",http://pbs.twimg.com/profile_images/1441396955368747013/Esg1uAoq_normal.jpg,586,11
11740902,Tim Ferriss,"Author of 5 #1 NYT/WSJ bestsellers, investor (FB, Uber, Twitter, 50+ more: https://t.co/cpVCd1q9Hk), host of The Tim Ferriss Show podcast (700M+ downloads)",http://pbs.twimg.com/profile_images/49918572/half-face-ice_normal.jpg,1790342,2459
1444016755807031309,Special Competitive Studies Project,Likes and Retweets ≠ Endorsement,http://pbs.twimg.com/profile_images/1460244713152434177/XF_dH7YM_normal.jpg,202,1
37534994,LA QuakeBot,I am a robot that tells you about earthquakes in Los Angeles as they happen. Built by @billsnitzer. Data is from the USGS. Get prepared: http://t.co/VtCEbuw6KH,http://pbs.twimg.com/profile_images/195602280/Picture_3_normal.png,413527,6
