id,name,description,image,followers_count,friends_count
1315395406180814853,Daniel S. Loeb,Investment analyst,http://pbs.twimg.com/profile_images/1454958838847737859/AafsKM2l_normal.jpg,63957,808
21576543,Tony Fadell,"iPod, iPhone, Nest, Investor & Author",http://pbs.twimg.com/profile_images/3687127348/3b107c410d2ace020fc24c6edcba326d_normal.jpeg,182404,469
861760698,Miguel Figueredo,"Dr en Bioquimica, Director Asísmed S.A. presidente Mapfre,",http://pbs.twimg.com/profile_images/954171281867509762/erd7NLS2_normal.jpg,28189,916
224223563,Gerard Piqué,FCBarcelona football player | Kosmos President & Founder,http://pbs.twimg.com/profile_images/1303854832894312450/YbdVhwef_normal.jpg,20227282,760
2287613209,Clax,,http://pbs.twimg.com/profile_images/1240655517506207745/RfwIiV-h_normal.jpg,12898,280
1189195753803137024,Habi,Somos la primera plataforma digital colombiana que con tecnología simplifica y agiliza el proceso de compra y venta de inmuebles.,http://pbs.twimg.com/profile_images/1415842836533202944/hZB_zBHy_normal.jpg,697,4
2196191663,Francisco da Costa,⚽️🇧🇷🇧🇴,http://pbs.twimg.com/profile_images/1441401727870128132/4z-LUgsp_normal.jpg,4759,237
1426211862320975872,RockBee,digital artist - collaborator - music lover 🤟🏼🎸🐝 - handmade cards. Creator of Cryptorockstage! #NFTs #NFTCommunity #NFTartist,http://pbs.twimg.com/profile_images/1455293561721786368/B-DDixaL_normal.jpg,568,1007
1424308039029559296,ArtsyBolivian 🔱💛,"Bolivian artist doing calligraphy, lettering and illustration // now NFT creator and NFT marketing // @TryCrypto 🔱💛",http://pbs.twimg.com/profile_images/1456663280345174020/bYgHxH0s_normal.jpg,1960,892
816115076973268992,Jonathan Kaplan,Official Twitter account of U.S. Ambassador to Singapore Jonathan Kaplan. Follow @RedWhiteBlueDot for updates from the U.S. Embassy Singapore.,http://pbs.twimg.com/profile_images/1467191195730202629/yZuROKZP_normal.jpg,2682,463
34169835,Mark Ghermezian,Founding / Funding the future of cloud. Co Founder @Braze,http://pbs.twimg.com/profile_images/1378095186274881542/TgqG_GMT_normal.jpg,2688,809
1453442753430446080,Independiente Petrólero,"Club Independiente Petrólero
#SomosDeLaCapital #VamosInde",http://pbs.twimg.com/profile_images/1453443484145307652/71n3OBSb_normal.jpg,522,16
1265386896483667968,Superblue,"“Trippy, meditative, gorgeous...”—The New York Times
#SuperblueMiami now open
#SuperblueLondon tickets now available
More locations coming soon!",http://pbs.twimg.com/profile_images/1361380775933972484/YCyGV-AE_normal.jpg,531,60
163296936,Robert Kyncl,"Chief Business Officer, YouTube",http://pbs.twimg.com/profile_images/1176248947490189312/hAM-LGuZ_normal.jpg,25254,302
1270111680731766790,Panoramic Ventures,"Panoramic opens new doors for overlooked founders, giving more entrepreneurs access to capital to build leading tech companies.",http://pbs.twimg.com/profile_images/1358495245126746115/wG8wvxXY_normal.jpg,1414,489
14486697,Parag Agrawal,ceo @twitter | device following @vintweeta,http://pbs.twimg.com/profile_images/1375285353146327052/y6jeByyD_normal.jpg,407680,1357
1280211022842941441,Antonela Ramirez,"🇦🇷 DJ Argentina 🇦🇷
Relaciones Públicas & Personal Trainer
AntoFit®",http://pbs.twimg.com/profile_images/1280345306161459201/YuIcIkwN_normal.jpg,29439,2
24423418,Marc Gasol,👨‍👩‍👧‍👦 🏀⛵️🍷🍻♻️🥦🚙🔋,http://pbs.twimg.com/profile_images/1457811088708341772/HFLpd215_normal.jpg,1232057,1617
885518643836145664,barbra mascot,Investment specialist | Time to embrace crypto #women | crypto Mining| helping build passive income #BTC $ $ ETH #crypto #nft,http://pbs.twimg.com/profile_images/1469694561207439369/O2DDQCGn_normal.jpg,2678,3132
206662545,YoniAssia.eth,"Founder and CEO of eToro the social investment network. Passionate about economics, internet, technology and blockchain. Some say Invented NFT
Also on assia.eth",http://pbs.twimg.com/profile_images/1481408216353419267/czBbFLwl_normal.png,43999,5834
