id,name,description,image,followers_count,friends_count
49749731,Grameen America,"Small loans. Big impact. Investing over $2.12 billion in more than 142,500 low-income women entrepreneurs across the U.S.",http://pbs.twimg.com/profile_images/1192106044379598848/QmIfnQ3y_normal.jpg,9169,3266
267921808,Robin Roberts,Good Morning America Anchor,http://pbs.twimg.com/profile_images/846351713078521856/OBvT5ryD_normal.jpg,1141361,1707
1314006455897518081,Dalio Philanthropies,"Supporting equal opportunity in education and health, poverty alleviation and microfinance, ocean exploration and conservation, mental health, arts, and more.",http://pbs.twimg.com/profile_images/1315832057864556546/5Zzcq79j_normal.jpg,10069,70
772493970,Eric S. Yuan (he / him / his),"Founder & CEO @Zoom | Your happiness is my happiness. San Jose, CA https://t.co/vgMERmKI4A",http://pbs.twimg.com/profile_images/918616411898908672/QVASJ_NY_normal.jpg,89493,9626
38531995,Dr. Mehmet Oz,"Cardiac Surgeon and Host of #TheDrOzShow
Candidate for U.S. Senate",http://pbs.twimg.com/profile_images/1465768181407096841/AESkmZqh_normal.jpg,3889236,845
1333171793201225728,Secretary Janet Yellen,78th Secretary of the Treasury. Former Fed Chair. Always an economist.,http://pbs.twimg.com/profile_images/1333421043772375043/N3Z22RJ1_normal.jpg,312408,75
1079830143756103681,Dalio Education,"Working to strengthen public education by engaging with educators, community leaders, and young people to design solutions to achieve greater equity across CT.",http://pbs.twimg.com/profile_images/1309171002761515009/BWfK__rU_normal.jpg,2095,382
296442457,A Plus,"At A Plus, we believe in the power of positive thinking — and storytelling. Founded by @aplusk.",http://pbs.twimg.com/profile_images/1107748303758872576/a5Cml_Tg_normal.jpg,29475,271
818902892652466176,Masters of Scale,"Our new book, Masters of Scale: Surprising Truths from the World's Most Successful Entrepreneurs, is out now! Order at the link below👇",http://pbs.twimg.com/profile_images/876926653565460481/ec53l0cw_normal.jpg,28671,4321
2354465522,Jay Shetty,"Jay Shetty | Storyteller, Podcast Host, Former Monk | Listen to my Podcast #OnPurpose | Training and certifying life coaches at @JSCertification",http://pbs.twimg.com/profile_images/815605297960067072/xei_izvV_normal.jpg,320590,11965
18812572,60 Minutes,"The most successful news magazine in TV history, offering hard-hitting investigative reports, interviews, feature segments and profiles of people in the news.",http://pbs.twimg.com/profile_images/1367671817184350209/j0YT0FP3_normal.jpg,1218814,505
3247141915,Jesse James Palmer,Host of The Bachelor Season 26 🌹 College Football Analyst at ESPN 🏈 Host of Holiday Baking Championship 🧁      IG:https://t.co/Cs6hZVmdGC,http://pbs.twimg.com/profile_images/690593540066447361/ErSjT7mT_normal.jpg,36127,83
16204225,The Audacious Project,A new model for inspiring global change. Housed at @TEDTalks. Let's change the way we change the world. https://t.co/UJm2YP4BF2,http://pbs.twimg.com/profile_images/981510511878721536/dNaA7zBs_normal.jpg,21602,194
313381067,Lloyd Blankfein,Former CEO on a gap year,http://pbs.twimg.com/profile_images/877905515250167808/YSGUHgIa_normal.jpg,152436,34
427900496,Dr. Sue Desmond-Hellmann,"Fan of science, running, cycling, reading, skiing, @sfgiants. Instagram @ suedesmondhellmann",http://pbs.twimg.com/profile_images/1450296937035431938/NHytzlxc_normal.jpg,62586,834
48436234,Apple Podcasts,The home of your next favorite podcasts and a place to get more access to the creators behind them.,http://pbs.twimg.com/profile_images/1009097162104246272/07rvgUrd_normal.jpg,626135,1840
38429399,JFK Jr. Forum,"Account of the John F. Kennedy Jr. Forum, Harvard’s premier arena for political discussion. Instagram: jfkjrforum. FB: https://t.co/sSPdw6nW2l",http://pbs.twimg.com/profile_images/913816115100377088/t9pZq5rT_normal.jpg,15511,8
9500242,Amy Webb,CEO of @FTI. Quantitative Futurist. Pre-order my new book about #syntheticbiology THE GENESIS MACHINE at the link below!🖖,http://pbs.twimg.com/profile_images/1083369426479661056/5o5g6tjU_normal.jpg,67714,2835
34719119,Walter Isaacson,"Professor @Tulane. Author of The Code Breaker, Leonardo da Vinci, Franklin, Einstein, & Steve Jobs. Formerly Time, CNN, & Aspen Institute. Next: Elon Musk.",http://pbs.twimg.com/profile_images/1208967434503409665/3c7F4X92_normal.jpg,136327,532
58560480,Michael Dell,Self-employed Grateful #PlayNiceButWin https://t.co/3JiGiM7t3C,http://pbs.twimg.com/profile_images/1475147187172483076/9i6PbU06_normal.jpg,661250,3510
