id,name,description,image,followers_count,friends_count
1256447568503963648,Osmind,We build software for mental health providers and their patients. Our platform helps improve clinical care while advancing research in mental health.,http://pbs.twimg.com/profile_images/1417168274123464718/Sf7LvkS1_normal.jpg,458,166
25584007,Stephanie Lum,"Hawaii News Now News Anchor/Reporter,Seattle U.,Maryknoll School grad,marathoner,triathlete, chocoholic",http://pbs.twimg.com/profile_images/1308637778/HNN_Twitter_SLum_normal.jpg,11434,1413
580951660,Graham Nash,"Graham Nash has helped shape the world around him through ideas, innovations, and influential works of art for more than four decades.",http://pbs.twimg.com/profile_images/663539369207164928/SCGu-SLL_normal.jpg,68525,13
275361193,David Crosby,"Musician, Singer, Songwriter. New album 'For Free' out July 23rd New single ""River Rise"" w Michael McDonald out friday 20th May",http://pbs.twimg.com/profile_images/1295576713/crosby1_normal.jpg,206596,776
1397388564451655683,CO2Rail,"On Track to Climate Change-BACK.
Rail-Based, Self-Powered, Hybrid Direct Air Carbon Capture.
This is the NEXT-GEN of #CarbonNegative Tech...",http://pbs.twimg.com/profile_images/1397932483098734601/PMiS7kNK_normal.jpg,4413,4997
1112879960337743872,Scratchpad,"Update Salesforce faster with Scratchpad. Designed specifically for AEs to reduce clicks, tab switching, and admin work.",http://pbs.twimg.com/profile_images/1473416472340819968/U8MQCyUC_normal.jpg,283,49
1470596846,BrianOnTheNet,Avalanche Fan. Vikings Fan. Dad. Just a guy with opinions.,http://pbs.twimg.com/profile_images/1280553051040989186/4RFs_X49_normal.jpg,39,50
35151259,Deer Park Monastery,Established by Zen Master @ThichNhatHanh to share the practice of mindful living. This 400-acre sanctuary rests peacefully in the chaparral mountains of SoCal.,http://pbs.twimg.com/profile_images/1390435221338660865/6PtxvDaa_normal.jpg,13224,28
19480493,Anita Hofschneider,reporter @civilbeat taotao cnmi 🇲🇵 via @harvard | anita@civilbeat.com | words @ap @wsj | supporting pasifika journos @aaja @naja @niatero,http://pbs.twimg.com/profile_images/1330059097580965890/aIajhnMc_normal.jpg,6436,9009
148629698,Satoshi Ganeko,"2021 Tableau Zen Master | 2019,2020,2021 Tableau Public Ambassador | Tableau Certified Professional | Data Saber | blog https://t.co/L2OCpXojKr | 2*VOTD",http://pbs.twimg.com/profile_images/1441322793979703296/D1XWtJY9_normal.jpg,1620,459
1404915562661220357,David M. Rubenstein,"Co-Founder and Co-Chairman of The Carlyle Group, philanthropist, interviewer, author and historian.",http://pbs.twimg.com/profile_images/1405214850494517255/hejbtXR9_normal.jpg,2683,43
23670398,George White,"Attorney, family man, Hawaii is my home, live with Aloha 🤙🏼 Be positive & progressive cuz “no such thing no can...always can...”",http://pbs.twimg.com/profile_images/1477314812887461889/Lii1FLba_normal.jpg,541,1048
30722350,MMA Global,Architecting the future of marketing while relentlessly delivering growth today!,http://pbs.twimg.com/profile_images/1351730746143113217/XmhswIUd_normal.png,45157,4182
83982039,Meredith Levien,"CEO at The New York Times. Lucky mom. Faster through airports than anyone I've met. Reader, appreciator of funny people, Starbucks junkie.",http://pbs.twimg.com/profile_images/1362824709692350464/MARs8rJX_normal.jpg,10790,741
85351514,A.G. Sulzberger,,http://pbs.twimg.com/profile_images/1132451569/twitter_avatar_nyt_normal.jpg,3766,7
19717920,Cyril Treacy,"VP EMEA Ind advisors at https://t.co/qhhpeiVEQR #solarPV #sustainability -10Tons CO2 ,#running #STEM,#economics ,EV driver https://t.co/ccDjl019dn",http://pbs.twimg.com/profile_images/1301587670225883136/3LCC1Len_normal.jpg,2404,3703
1392273891322523649,You.com,"The private search engine that summarizes the web. Increased privacy, extensible apps, and personalized results through preferred sources. 

Try us out! https://t.co/dnqP7BlZFC",http://pbs.twimg.com/profile_images/1456392501020045317/pF00h4BA_normal.png,1150,327
3147016959,Sacred Mauna Kea,Aloha! In unity and support we would appreciate your support by changing your profile to this photo for 3/13/19’s ‘Mauna Kea Awareness Day’ Mahalo!,http://pbs.twimg.com/profile_images/1105921961551511552/65UCmuXo_normal.jpg,410,399
3145245071,Protect Mauna Kea,on instagram@protectmaunakea on Facebook @ protect mauna kea #protectmaunakea #TMTshutdown #KuKiaiMauna #AlohaAinaPatriots #WeAreMaunakea |,http://pbs.twimg.com/profile_images/585588020184797184/U8D8JcCc_normal.jpg,3003,170
822496079274975232,Rick Bright,"CEO: @RockefellerFdn @PPI_Insights. Practical, Innovative, Hyper-focused on saving lives. Immunologist, Virologist, Pandemic Nemesis. Posts are mine.",http://pbs.twimg.com/profile_images/1163103486759899137/jUkEdtG1_normal.jpg,36024,1788
