id,name,description,image,followers_count,friends_count
1072254151508275200,Boardroom,Sports. Business. Culture. Created by @KDTrey5 & @richkleiman,http://pbs.twimg.com/profile_images/1448766987597910022/9PdoX3-j_normal.jpg,69746,2450
1042836892797083648,Thirty Five Ventures,"Business portfolio | Investments, Media, Philanthropy, & More. Run by @KDTrey5 and @richkleiman",http://pbs.twimg.com/profile_images/1125972999188959232/tzusqTNv_normal.jpg,26437,211
35936474,Kevin Durant,"IM ME, I DO ME, AND I CHILL. @35ventures @boardroom",http://pbs.twimg.com/profile_images/1422772132283514882/cQIYcqJk_normal.jpg,19506257,1479
153149305,SBA,"Empowering small businesses to start, grow, expand or recover. Administrator @SBAIsabel Policies: https://t.co/OvCLpk5sjA Retweets or @ mentions ≠ endorsements",http://pbs.twimg.com/profile_images/983366426147901440/HAUiEgyx_normal.jpg,549888,766
1311393885806100481,gmoney.eth,futurist. disruptor. ape.,http://pbs.twimg.com/profile_images/1479201201224830981/_SZGuycV_normal.jpg,184973,1576
1444011503275810822,Coinbase NFT,"Introducing Coinbase NFT, a peer-to-peer marketplace for minting, purchasing, showcasing, and discovering NFTs.

Banner art by @Deadfellaznft",http://pbs.twimg.com/profile_images/1450589662863519747/n44z0ikR_normal.jpg,222846,63
1440347667834421251,Brett Tejpaul,"Head of Institutional Sales, Trading, Custody, and Prime Services @CoinbaseInsto

Coinbase Prime - a solution for sophisticated investors and institutions.",http://pbs.twimg.com/profile_images/1440348399740416005/h708WuI1_normal.jpg,1064,11
2555176531,Coinbase Support,Official @Coinbase Support Account. Account concerns? Please DM. Do not post private info publicly. We do not make outbound calls.,http://pbs.twimg.com/profile_images/1389350367977099264/S-pY13TJ_normal.png,264049,6
951586147611930629,Coinbase Commerce,Making accepting cryptocurrency payments easier than ever.,http://pbs.twimg.com/profile_images/1389269073452670978/d5cUIuYo_normal.png,37710,12
968272857741471744,GiveCrypto.org,Donate crypto to people in need.,http://pbs.twimg.com/profile_images/1012076844659757057/h_V_oaoG_normal.jpg,16826,42
1648782912,Earn.com,Get paid Bitcoin for replying to emails and completing tasks.,http://pbs.twimg.com/profile_images/925127910020628480/eKncUEE5_normal.jpg,32340,859
1176945401284317185,Crypto Rating Council,Leading crypto businesses committed to creating practical tools to help comply with the U.S. securities laws.,http://pbs.twimg.com/profile_images/1178410502558343168/kpLwgzMf_normal.jpg,6125,17
2956378446,Paul Grewal,"Chief Legal Officer @coinbase.  I talk a little crypto, a lot of law, and way too much Ohio sports.",http://pbs.twimg.com/profile_images/1307695956549197825/7OStu2IG_normal.jpg,11325,690
14379660,Brian Armstrong,"Co-founder & CEO at @Coinbase
Co-founder @GiveCrypto
Creating more economic freedom in the world. Join us: https://t.co/nteBWv8FY4",http://pbs.twimg.com/profile_images/1039744169026224128/Ne3vqMhM_normal.jpg,1000767,632
21978309,Emilie Choi,"President and COO at Coinbase, Angel Investor",http://pbs.twimg.com/profile_images/1460686968845529093/9hzAs9GC_normal.jpg,29051,3761
315991624,Fred Ehrsam,@Paradigm. Previously cofounder @Coinbase.,http://pbs.twimg.com/profile_images/1408939504707063810/Ab2VSx9g_normal.jpg,190966,1529
790627436832579584,Coinbase Wallet,The easiest and most secure crypto wallet and dapp browser. Your gateway to the decentralized web.,http://pbs.twimg.com/profile_images/1481006694725419014/BuRoqUVN_normal.png,134050,3
720487892670410753,Coinbase Exchange,"The most trusted platform for trading cryptocurrency. 

For support, please tweet at @CoinbaseSupport.",http://pbs.twimg.com/profile_images/1389270067397857280/RQBrS31F_normal.png,1254505,10
931273791782535168,Coinbase Institutional,Integrated solutions for sophisticated investors and institutions. Keep in touch for deeper insights. https://t.co/NmCyEJmJU4,http://pbs.twimg.com/profile_images/1389270363649896449/lVry3Wrt_normal.png,93652,13
1361841539521998849,Coinbase Japan,"クリプトを簡単・安全にすることで、世界の経済的自由度を高めます。

サポート・問い合わせ  👉  @CoinbaseSupport

Youtubeでイベント開催 👉 https://t.co/SqrD5A34k4",http://pbs.twimg.com/profile_images/1405070920910196737/qPm7yLla_normal.png,14670,4
