"If you’re interested in learning more, check out my new book, Principles for Dealing with the Changing World Order, which is now available. (4/4)"
"As shown real yields of cash are even lower, though not as negative as they were in the 1930–45 and 1915–20 great monetization periods. Nominal cash yields are near the lowest ever. (3/4)"
"As you can see they were much higher and now they are very low. Real yields of reserve currency sovereign bonds, at the time of my writing this, are near the lowest ever, and nominal bond yields are around 0 percent, also near the lowest ever. (2/4)"
"Interest rates are shown in these charts that go back to 1900. They show real (i.e., inflation-adjusted) bond yields, nominal (i.e., not inflation-adjusted) bond yields, and nominal and real cash rates for the US, Europe, and Japan at the time of my writing. (1/4) https://t.co/pAj1eDVVZ3"
"I cannot emphasize this enough: Acknowledging your weaknesses is not the same as surrendering to them. It's the first step toward overcoming them. The pains you are feeling are ""growing pains"" that will test your character and reward you as you push through them. (2/2)"
"Thinking about problems that are difficult to solve may make you anxious, but not thinking about them (and hence not dealing with them) should make you more anxious still. When a problem stems from your own lack of talent or skill, most people feel shame. Get over it. (1/2) https://t.co/hW0OF4NeKI"
You must be willing to do things in the unique ways you think are best – and to open-mindedly reflect on the feedback that comes inevitably as a result of being that way. #principleoftheday https://t.co/1ZhYFVDbVQ
"This typically happens in a couple of ways. 

For the complete picture of how things work and where we are, my new book, Principles for Dealing with the Changing World Order, is now available: https://t.co/w9Q4KD96yv https://t.co/2wSAisoXI8"
"The most useful thing you can do is to get in sync with them, exploring how they are doing things and why. (3/3)"
"It’s also not a good thing for you as a manager. Instead of micromanaging, you should be training and testing. Give people your thoughts on how they might approach their decisions, but don't dictate to them. (2/3)"
Sometimes you need to stand by and let someone make a mistake (provided it’s not too serious) so they can learn. It’s a bad sign if you are constantly telling people what they should do; micromanagement typically reflects inability on the part of the person being managed. (1/3) https://t.co/FI9PBQ90AE
Over time this exercise will crystallize suitable roles and appropriate training or it will reveal that it’s time for the person to find a more appropriate job somewhere else. (3/3)
"Do this on an ongoing basis. After several months of discussions and real-world tests, you and your report should both have a pretty good idea of what he or she is like. (2/3)"
"Articulate your assessment of a person's values, abilities, and skills up front and share it; listen to their and others’ responses to your description; organize a plan for training and testing; and reassess your conclusions based on the performance you observe. (1/3) https://t.co/11BlL6Yz23"
... you will see your failing to achieve it as indicative that you haven’t been creative or flexible or determined enough to do what it takes. And you will be that much more motivated to find the way. #principleoftheday (2/2)
Flexibility is what allows you to accept what reality (or knowledgeable people) teaches you; self-accountability is essential because if you really believe that failing to achieve a goal is your personal failure... (1/2) https://t.co/RUsXnIiCzG
"... that come from things beyond our control—the circumstances we are born into, accidents &amp; illnesses, &amp; so forth—but for the most part even the worst circumstances can be made better with the right approach. (2/2)"
"For the most part, life gives you so many decisions to make &amp; so many opportunities to recover from your mistakes that, if you handle them well, you can have a terrific life. Of course, sometimes there are major influences on the quality of our lives... (1/2) https://t.co/GzovUNp2Oi"
"In a legal and contract-based system (which has many benefits), this can become a problem because the law can stand in the way of doing obviously good things. (2/2)"
That is because things tend to get more complex as they develop until they reach the point where even obviously good things can’t be done—necessitating revolutionary changes. (1/2) https://t.co/ToVfVChVtw
"If you limit your goals to what you know you can achieve, you are setting the bar way too low. #principleoftheday https://t.co/yZQ1fBaFaQ"
"For the complete picture of how things work and where we are, my new book, Principles for Dealing with the Changing World Order, is now available: https://t.co/w9Q4KCS3wv #changingworldorder https://t.co/gEdSI2FXBQ"
Everyone has weaknesses. They are generally revealed in the patterns of mistakes they make. Knowing what your weaknesses are and staring hard at them is the first step on the path to success. #principleoftheday https://t.co/DQWngeygVQ
"In studying history, I saw these patterns and the cause:effect relationships behind them and I saw how they played out. It was eye-opening so I felt compelled to share what I learned in Principles for Dealing with the Changing World Order. It’s there if you’re interested. https://t.co/XaLicVWu6W"
"If that were to happen, rule of law and the constitution will be less influential than raw power. Imagine what that would mean for America as we’ve known it. (5/5)"
"For example, if we extrapolate the past and observe how the system is now working, we can see that there is an uncomfortably high probability that neither side will accept losing the 2024 elections. (4/5)"
"By connecting the dots back through time, we can see the causes and effects and imagine where we could be headed. We can see that the order we have assumed would never change could change in profoundly disruptive ways. (3/5)"
They were clearly emerging from years before as an extension of a pattern that has happened many times in history due to causes that are essentially the same as those that caused January 6th. (2/5)
I hope you will take this one year anniversary of the January 6th events to reflect on what caused them and where we seem to be headed. The events didn’t come out of the blue. (1/5) https://t.co/y7TT4lq8uW
"If done well, these interventions can more than counterbalance the classic toxic mix.

The classic toxic mix is usually accompanied by other problems. 

For the complete picture of how things work and where we are, my new book is now available: https://t.co/w9Q4KD96yv (4/4)"
"In fact, improvements in education and infrastructure, even those financed by debt, were essential ingredients behind the rises of virtually all empires, and declines in the quality of these investments were almost always ingredients behind empires’ declines. (3/4)"
"History shows and logic dictates that investing well in education at all levels (including job training), infrastructure, and research that yields productive discoveries works very well. (2/4)"
"If the amount of money being lent to finance the debt is inadequate, it is perfectly fine for the central bank to print the money and be the lender of last resort as long as the money is invested to have a return that is large enough to service the debt. (1/4) https://t.co/6LBebYnBWB"
"If you can develop a reflexive reaction to psychic pain that causes you to reflect on it rather than avoid it, it will lead to your rapid learning/evolving. (2/2)"
"There is no avoiding pain, especially if you're going after ambitious goals. Believe it or not, you are lucky to feel that kind of pain if you approach it correctly, because it is a signal that you need to find solutions so you can progress. #principleoftheday (1/2) https://t.co/MtSZBr4yUU"
"For the complete picture of how things work and where we are, my new book, Principles for Dealing with the Changing World Order, is now available: https://t.co/w9Q4KD96yv https://t.co/FMnR13RXAS"
"@HadamsZak If you're having mental health challenges, seek help with them. I guarantee you that you can have a wonderful life. (4/4)"
"@HadamsZak ... and then discovering one's good fit-path. It's a journey with ups and downs. Everyone has them, sometimes for a few years, but that's just the way it is.  There are many paths to a happy and successful journey. Don't give up. (3/4)"
"@HadamsZak You are probably pursuing a goal that's too precise and not for you, whereas there's one that's probably analogous and would be comparably rewarding if you adapt. Finding one's path in life is all about understanding one's self and how to deal with one's reality well... (2/4)"
"@HadamsZak I'm sorry to hear that.  However, please realize that two years is nothing in one's life and the experience has offered you many lessons and please try to understand what they are and how to use them to readjust your direction. (1/4)"
A proper goal is something that you really need to achieve. Desires are things that you want that can prevent you from reaching your goals. #principleoftheday https://t.co/Ne3Tlj2PPl
I’m just passing along my thinking for you to take or leave as you like: https://t.co/aCBPwvVR3l (3/3)
"To be clear, while I express concerns and risks, I believe that we collectively have the power to manage our challenges well if we are smart and considerate with each other. Also, please know that I am not sure that any expectations I have are right. (2/3)"
"At this beginning of the new year &amp; with the publication of my book Principles for Dealing with the Changing World Order, I want to convey the most important thoughts I have about the paradigm we are now in, which is a result of how the world order appears to be changing. (1/3)"
"Once the restructuring or devaluation reduces the debt burdens, which is typically painful at the time, the reduced debt burdens allow for a rebuilding.

For the complete picture of how things work and where we are, my new book is now available: https://t.co/w9Q4KD96yv (2/2)"
"Do you think we have this today?

What does history show as the path that bankrupt governments can follow to raise productivity that benefits most people? It shows that restructuring and/or devaluing enough of the previously created debt and non-debt obligations helps a lot.(1/2) https://t.co/BFUveicudn"
"Do you let it consume you and drive you to irrational acts, or do you harness it to motivate and drive you while you pursue your real goals? What will ultimately fulfill you are things that feel right at both levels, as both desires and goals. (2/2)"
"Take passion, for example. Without passion, life would be dull; you wouldn’t want to live without it. But what’s key is what you do with your passion. #principleoftheday (1/2) https://t.co/WJNKukqGqL"
"History has shown that all species will either go extinct or evolve into other species, though with our limited time window that is hard for us to see. (2/2)"
"It is instinctually that way, which is why most of us feel the pull of it - in other words, we instinctively want to get better at things and have created and evolved technology to help us. #principleoftheday (1/2) https://t.co/vqXWTMP6KW"
